"question","answer"
"AI là gì?","Trí tuệ nhân tạo là lĩnh vực nghiên cứu các hệ thống có khả năng mô phỏng trí thông minh của con người."
"Trí tuệ nhân tạo là gì?","Trí tuệ nhân tạo là ngành khoa học máy tính tập trung vào việc tạo ra các hệ thống có khả năng suy luận và học tập."
"Khái niệm AI?","AI là viết tắt của Artificial Intelligence"
"AI có vai trò gì?","AI giúp tự động hóa các tác vụ và hỗ trợ con người trong việc xử lý thông tin."
"AI được ứng dụng ở đâu?","AI được ứng dụng trong chatbot"
"Chatbot là gì?","Chatbot là chương trình máy tính có khả năng giao tiếp với người dùng thông qua ngôn ngữ tự nhiên."
"Khái niệm chatbot?","Chatbot là hệ thống phần mềm được thiết kế để trả lời câu hỏi của người dùng tự động."
"Chatbot dùng để làm gì?","Chatbot được sử dụng để hỗ trợ hỏi đáp và cung cấp thông tin nhanh chóng."
"Chatbot hoạt động như thế nào?","Chatbot tiếp nhận câu hỏi"
"Chatbot có thông minh không?","Mức độ thông minh của chatbot phụ thuộc vào dữ liệu và phương pháp xử lý được sử dụng."
"Chatbot trong đề tài dùng để làm gì?","Chatbot trong đề tài dùng để hỗ trợ tra cứu thông tin về AI và chatbot."
"Chatbot trong thực tập có mục đích gì?","Chatbot nhằm minh họa việc ứng dụng AI vào thực tế trong quá trình thực tập."
"Chatbot có thay thế con người không?","Chatbot chỉ hỗ trợ người dùng và không thay thế hoàn toàn con người."
"Xử lý ngôn ngữ tự nhiên là gì?","Xử lý ngôn ngữ tự nhiên là lĩnh vực nghiên cứu cách máy tính hiểu và xử lý ngôn ngữ con người."
"NLP là gì?","NLP là viết tắt của Natural Language Processing"
"NLP được dùng trong chatbot như thế nào?","NLP giúp chatbot hiểu câu hỏi và tìm ra câu trả lời phù hợp."
"TF-IDF là gì?","TF-IDF là phương pháp biểu diễn văn bản dựa trên tần suất xuất hiện của từ."
"TF-IDF dùng để làm gì?","TF-IDF được dùng để biến văn bản thành vector phục vụ so sánh."
"Cosine Similarity là gì?","Cosine Similarity là độ đo dùng để tính mức độ tương đồng giữa hai vector."
"Cosine Similarity dùng để làm gì?","Cosine Similarity dùng để so sánh câu hỏi người dùng với dữ liệu có sẵn."
"Chatbot trong đề tài sử dụng phương pháp gì?","Chatbot sử dụng TF-IDF kết hợp với Cosine Similarity để so khớp câu hỏi."
"Chatbot có được huấn luyện không?","Chatbot trong đề tài không huấn luyện học sâu mà sử dụng phương pháp so khớp."
"Dữ liệu chatbot được lấy từ đâu?","Dữ liệu được xây dựng thủ công từ tài liệu học tập và nội dung hội thảo."
"Data chatbot có lớn không?","Dữ liệu chatbot có quy mô nhỏ và phù hợp với đồ án thực tập."
"Tại sao không dùng deep learning?","Deep learning yêu cầu dữ liệu lớn và không phù hợp với phạm vi đồ án nhỏ."
"Matching là gì?","Matching là quá trình so khớp câu hỏi người dùng với dữ liệu có sẵn."
"So khớp câu hỏi là gì?","So khớp câu hỏi là việc tìm câu hỏi tương đồng nhất trong tập dữ liệu."
"Chatbot trả lời sai khi nào?","Chatbot có thể trả lời sai khi câu hỏi nằm ngoài phạm vi dữ liệu."
"Chatbot xử lý tiếng Việt không?","Chatbot được xây dựng để xử lý các câu hỏi tiếng Việt cơ bản."
"Quy trình xây dựng chatbot gồm những bước nào?","Quy trình gồm thu thập dữ liệu"
"Bước đầu tiên khi xây chatbot là gì?","Bước đầu tiên là xác định mục tiêu và phạm vi chatbot."
"Bước tiếp theo sau khi có data là gì?","Sau khi có data là bước xử lý và biểu diễn dữ liệu."
"Chatbot có cần nhiều dữ liệu không?","Chatbot matching không cần nhiều dữ liệu như các mô hình học sâu."
"Ưu điểm của chatbot matching?","Chatbot matching đơn giản"
"Hạn chế của chatbot matching?","Chatbot matching khó xử lý các câu hỏi phức tạp hoặc ngoài phạm vi."
"Chatbot có học thêm được không?","Chatbot có thể mở rộng bằng cách bổ sung dữ liệu mới."
"Chatbot có đánh giá được kết quả không?","Chatbot được đánh giá dựa trên khả năng trả lời đúng câu hỏi."
"Kết quả chatbot trong đề tài như thế nào?","Chatbot hoạt động tốt với các câu hỏi quen thuộc trong dữ liệu."
"Chatbot có phù hợp thực tập không?","Chatbot rất phù hợp để làm đồ án trong thực tập nghề nghiệp."
"Mục tiêu của đồ án chatbot là gì?","Mục tiêu là xây dựng chatbot đơn giản và hiểu quy trình ứng dụng AI."
"Đồ án chatbot có tính ứng dụng không?","Đồ án có tính ứng dụng trong hỗ trợ tra cứu thông tin."
"Chatbot có giao diện không?","Chatbot có giao diện đơn giản để người dùng nhập câu hỏi."
"Chatbot có dùng web không?","Chatbot có thể chạy trên giao diện web hoặc dòng lệnh."
"Chatbot trong đề tài có an toàn không?","Chatbot chỉ xử lý dữ liệu trong phạm vi xác định nên an toàn."
"Chatbot có thể mở rộng không?","Chatbot có thể mở rộng bằng cách cải tiến mô hình và dữ liệu."
"Chatbot có liên quan đến nghề nghiệp không?","Chatbot giúp sinh viên tiếp cận kỹ năng AI phục vụ định hướng nghề nghiệp."
"Làm chatbot giúp học được gì?","Sinh viên học được cách xử lý dữ liệu và xây dựng hệ thống AI cơ bản."
"Chatbot có phải là AI không?","Chatbot trong đề tài là một ứng dụng của trí tuệ nhân tạo."
"Chatbot có thông minh như con người không?","Chatbot không thông minh như con người mà chỉ phản hồi theo dữ liệu."
"Chatbot có hạn chế gì?","Hạn chế lớn nhất là phụ thuộc vào dữ liệu có sẵn."
"Hướng phát triển chatbot là gì?","Có thể phát triển chatbot bằng các mô hình NLP nâng cao hơn trong tương lai."
"Tokenization là gì?","Tokenization là quá trình chia nhỏ câu văn thành các đơn vị gọi là token (từ hoặc cụm từ)."
"Tách từ tiếng Việt là gì?","Là việc xác định ranh giới giữa các từ trong câu tiếng Việt vì tiếng Việt không dùng dấu cách để phân tách từ đơn/ghép."
"Stopwords là gì?","Stopwords là những từ xuất hiện nhiều nhưng ít giá trị ý nghĩa như 'là'"
"Tại sao cần loại bỏ stopwords?","Loại bỏ stopwords giúp mô hình tập trung vào các từ mang nội dung cốt lõi của câu hỏi."
"Vector hóa văn bản là gì?","Là quá trình chuyển đổi văn bản từ dạng chữ sang dạng số để máy tính có thể tính toán."
"Bag of Words là gì?","Là mô hình biểu diễn văn bản dựa trên tần suất xuất hiện của từ mà không quan tâm đến thứ tự."
"Word Embedding là gì?","Là kỹ thuật biểu diễn từ dưới dạng các vector số thực có số chiều thấp và mang ý nghĩa ngữ nghĩa."
"Under-the-sea là gì?","Là một thư viện Python phổ biến được dùng để tiền xử lý và tách từ cho tiếng Việt."
"PyVi là gì?","PyVi là thư viện hỗ trợ tách từ và gán nhãn từ loại cho ngôn ngữ tiếng Việt."
"NLTK là gì?","NLTK là thư viện hàng đầu trong Python hỗ trợ các tác vụ xử lý ngôn ngữ tự nhiên cơ bản."
"Scikit-learn hỗ trợ gì cho chatbot?","Scikit-learn cung cấp các công cụ để tính TF-IDF và Cosine Similarity nhanh chóng."
"Thế nào là độ chính xác của chatbot?","Là tỉ lệ số câu trả lời đúng trên tổng số câu hỏi mà chatbot nhận được."
"Làm sao để chatbot hiểu từ đồng nghĩa?","Cần sử dụng các mô hình nhúng từ (Word Embedding) hoặc xây dựng từ điển đồng nghĩa."
"Quy chuẩn báo cáo TTNN1 là gì?","Báo cáo cần trình bày theo mẫu của Khoa"
"Tại sao báo cáo cần hình ảnh minh họa?","Hình ảnh giúp trực quan hóa kiến trúc hệ thống và kết quả thực hiện."
"Tài liệu tham khảo chuẩn IEEE là gì?","Là chuẩn trích dẫn nguồn tài liệu theo định dạng số thứ tự trong ngoặc vuông thường dùng trong kỹ thuật."
"CV Impact là gì?","Là loại CV tập trung vào các kết quả đo lường được và những dự án thực tế để gây ấn tượng với nhà tuyển dụng."
"Portfolio kỹ thuật là gì?","Là hồ sơ năng lực trình bày các sản phẩm"
"GitHub đóng vai trò gì trong thực tập?","GitHub giúp lưu trữ mã nguồn"
"LinkedIn giúp ích gì cho sinh viên?","Giúp xây dựng mạng lưới kết nối nghề nghiệp và tìm kiếm cơ hội thực tập tại các doanh nghiệp."
"Mô hình STAR là gì?","Là kỹ thuật trả lời phỏng vấn dựa trên: Tình huống (Situation)"
"Kỹ năng tự học quan trọng thế nào?","Giúp sinh viên chủ động cập nhật các thư viện và thuật toán AI mới nhất mà giảng đường chưa kịp dạy."
"Tư duy logic trong lập trình AI là gì?","Là khả năng phân tích dữ liệu và thiết kế luồng xử lý thông tin một cách khoa học."
"Làm thế nào để xử lý câu hỏi không có trong data?","Chatbot có thể đưa ra một câu trả lời mặc định hoặc gợi ý người dùng liên hệ hỗ trợ viên."
"Môi trường ảo Python (Virtual Environment) là gì?","Là môi trường riêng biệt để cài đặt các thư viện cần thiết cho dự án mà không ảnh hưởng đến hệ thống."
"File requirements.txt là gì?","Là file liệt kê các thư viện cần thiết để người khác có thể cài đặt và chạy lại dự án dễ dàng."
"Thực tập nghề nghiệp 1 khác gì TTNN2?","TTNN1 tập trung vào nghiên cứu và làm đồ án nhỏ"
"Học phần TTNN1 giúp ích gì cho đồ án tốt nghiệp?","Giúp sinh viên làm quen với phương pháp nghiên cứu và chọn hướng đi cho đồ án cuối khóa."
"Tại sao chatbot cần được kiểm thử?","Để đảm bảo hệ thống hoạt động ổn định và phát hiện các trường hợp trả lời sai ngữ cảnh."
"Phụ lục báo cáo thường chứa gì?","Thường chứa mã nguồn chi tiết"
"Thái độ chuyên nghiệp trong thực tập là gì?","Là sự đúng hạn"
"Cách tối ưu hóa mã nguồn chatbot?","Sử dụng các cấu trúc dữ liệu hiệu quả và hạn chế lặp lại các phép tính vector hóa."
"Cơ sở dữ liệu của chatbot này lưu ở đâu?","Trong đồ án nhỏ này"
"Chatbot có thể tích hợp vào Facebook không?","Có thể tích hợp thông qua Messenger API và các Webhook xử lý dữ liệu."
"Làm thế nào để chatbot trả lời tự nhiên hơn?","Cần đa dạng hóa tập câu trả lời mẫu cho cùng một ý định người dùng."
"Vai trò của người hướng dẫn (Mentor)?","Định hướng đề tài"
"Đạo văn trong báo cáo là gì?","Là việc sao chép nội dung của người khác mà không trích dẫn nguồn rõ ràng."
"Lợi ích của việc dùng LaTeX viết báo cáo?","Giúp trình bày công thức toán học và tài liệu tham khảo một cách chuyên nghiệp và tự động."
"Phần mềm nào hỗ trợ viết báo cáo tốt?","Microsoft Word"
"Làm sao để cải thiện độ chính xác của chatbot?","Bổ sung thêm dữ liệu mẫu và tinh chỉnh các tham số của thuật toán vector hóa."
"Phân loại ý định (Intent Classification) là gì?","Là việc xác định mục đích thực sự của người dùng khi họ nhập một câu hỏi bất kỳ."
"Trích xuất thực thể (Entity Extraction) là gì?","Là việc lấy ra các thông tin quan trọng như ngày tháng"
"Kiến thức OOP áp dụng gì vào chatbot?","Giúp tổ chức mã nguồn theo các lớp (Class) xử lý dữ liệu và mô hình riêng biệt."
"Tại sao Python được dùng nhiều cho AI?","Vì Python có cú pháp đơn giản và hệ sinh thái thư viện AI cực kỳ phong phú."
"Đồ án này có thể làm khóa luận không?","Có thể"
"Làm sao để nộp báo cáo đúng hạn?","Cần lập kế hoạch thực hiện chi tiết theo từng tuần dựa trên hướng dẫn của Khoa."
"Kết luận của báo cáo nên viết gì?","Tóm tắt kết quả đạt được"
"Lời cảm ơn trong báo cáo dành cho ai?","Dành cho giảng viên hướng dẫn"
"Làm sao để chatbot nhận diện được từ lóng?","Cần xây dựng bộ từ điển chuẩn hóa (Normalization) để chuyển từ lóng về từ gốc trước khi xử lý."
"Phân tích cảm xúc (Sentiment Analysis) là gì?","Là kỹ thuật xác định thái độ của người dùng (tích cực"
"Chatbot có cần xử lý chính tả không?","Có"
"Mô hình Word2Vec là gì?","Là mô hình dùng mạng nơ-ron để học biểu diễn từ dưới dạng vector không gian nhiều chiều."
"Sự khác biệt giữa TF-IDF và Word2Vec là gì?","TF-IDF dựa trên tần suất từ"
"Kiến trúc Transformer là gì?","Là kiến trúc mạng nơ-ron hiện đại dựa trên cơ chế Attention"
"BERT là gì?","BERT là mô hình ngôn ngữ được huấn luyện sẵn bởi Google"
"Chatbot dựa trên luật (Rule-based) có ưu điểm gì?","Dễ kiểm soát câu trả lời"
"Tại sao chatbot AI lại linh hoạt hơn?","Vì nó có khả năng hiểu ý định người dùng ngay cả khi họ dùng các từ ngữ khác nhau."
"Thư viện Gensim dùng để làm gì?","Gensim là thư viện Python mạnh mẽ để huấn luyện các mô hình vector hóa như Word2Vec"
"Độ tương đồng Jaccard là gì?","Là tỉ lệ giữa số từ chung và tổng số từ riêng biệt của hai câu văn."
"Tại sao dùng Cosine Similarity thay vì Euclid?","Vì Cosine tập trung vào hướng của vector (ngữ nghĩa) thay vì độ dài (số lượng từ)."
"Overfitting trong chatbot là gì?","Là khi mô hình quá khớp với dữ liệu huấn luyện nhưng không hiểu được các câu hỏi mới từ thực tế."
"Làm sao để tránh Overfitting?","Cần tăng cường dữ liệu (Data Augmentation) và sử dụng các kỹ thuật Regularization."
"Dữ liệu nhiễu (Noisy Data) là gì?","Là dữ liệu chứa các thông tin không liên quan"
"Cách xử lý dữ liệu thiếu (Missing Data)?","Có thể loại bỏ dòng thiếu hoặc điền vào bằng các giá trị mặc định/trung bình."
"Mô hình hóa chủ đề (Topic Modeling) là gì?","Là kỹ thuật tự động tìm ra các chủ đề chính từ một tập hợp các văn bản."
"LSTM là gì?","Là một loại mạng nơ-ron hồi quy (RNN) có khả năng ghi nhớ thông tin dài hạn"
"Chatbot có thể đa ngôn ngữ không?","Có"
"API là gì trong ngữ cảnh chatbot?","Là giao diện lập trình giúp chatbot kết nối với dữ liệu bên ngoài hoặc các nền tảng như Zalo"
"JSON là gì?","Là định dạng dữ liệu nhẹ"
"Vai trò của kiểm thử thủ công (Manual Testing)?","Giúp phát hiện các lỗi về logic giao tiếp mà các công cụ tự động khó nhận ra."
"Unit Test trong dự án chatbot là gì?","Là việc kiểm tra từng hàm nhỏ như hàm tách từ"
"Đồ án TTNN1 có yêu cầu tính toán chi phí không?","Thường không yêu cầu"
"Làm sao để chatbot trả lời theo ngữ cảnh trước đó?","Cần xây dựng bộ nhớ (State/Session Management) để lưu trữ lịch sử cuộc trò chuyện."
"Độ trễ (Latency) của chatbot là gì?","Là khoảng thời gian từ khi người dùng nhấn gửi đến khi nhận được phản hồi."
"Làm sao để giảm độ trễ?","Tối ưu hóa thuật toán tìm kiếm và sử dụng các bộ đệm (Cache) dữ liệu."
"Pipeline trong NLP là gì?","Là một chuỗi các bước xử lý liên tiếp từ tiền xử lý"
"Tại sao nên dùng môi trường ảo Conda?","Giúp quản lý các thư viện khoa học dữ liệu và phiên bản Python một cách ổn định."
"Cách đặt tên biến theo chuẩn PEP8?","Nên dùng kiểu snake_case (ví dụ: tinh_do_tuong_dong) cho biến và hàm trong Python."
"Tại sao không nên để dữ liệu cứng (Hard-code) trong code?","Để dễ dàng cập nhật dữ liệu mà không cần thay đổi cấu trúc mã nguồn."
"Thư viện Flask có dễ học không?","Flask rất nhẹ và dễ học"
"Django khác Flask như thế nào?","Django là Framework lớn"
"Làm thế nào để báo cáo đạt 50 trang?","Cần viết chi tiết phần chuyên đề công nghệ"
"Cách trình bày bảng biểu trong báo cáo?","Bảng phải có số thứ tự"
"Cách trình bày hình ảnh trong báo cáo?","Hình phải rõ nét"
"Lỗi 'KeyError' trong Python thường do đâu?","Do truy cập vào một khóa không tồn tại trong từ điển (Dictionary)."
"Lỗi 'IndexError' thường do đâu?","Do truy cập vào một vị trí (index) nằm ngoài phạm vi của danh sách (List)."
"Git commit message nên viết như thế nào?","Nên viết ngắn gọn"
"Branch trong Git là gì?","Là nhánh làm việc riêng biệt"
"Merge trong Git là gì?","Là việc gộp các thay đổi từ nhánh phụ vào nhánh chính (Main/Master)."
"Conflict trong Git xử lý như thế nào?","Cần kiểm tra thủ công các dòng code bị xung đột và chọn phiên bản đúng nhất."
"Tại sao cần file .gitignore?","Để loại bỏ các file rác"
"Kỹ năng viết lách ảnh hưởng gì đến báo cáo?","Giúp truyền đạt ý tưởng công nghệ một cách thuyết phục và chuyên nghiệp."
"Phần 'Lời cam đoan' có bắt buộc không?","Có"
"Làm sao để lấy mẫu khảo sát người dùng?","Có thể dùng Google Forms để thu thập ý kiến về độ hài lòng của chatbot."
"Phân tích định lượng là gì?","Là việc đánh giá hệ thống dựa trên các con số như tỉ lệ trả lời đúng"
"Phân tích định tính là gì?","Là việc đánh giá dựa trên cảm nhận"
"Cấu trúc chương 2 thường là gì?","Là chương về Cơ sở lý thuyết"
"Cấu trúc chương 3 thường là gì?","Là chương về Phân tích và Thiết kế hệ thống"
"Cấu trúc chương 4 thường là gì?","Là chương về Cài đặt và Kết quả"
"Làm sao để viết phần kết luận hay?","Tóm tắt ngắn gọn các mục tiêu đã đạt được và nêu rõ hướng phát triển trong tương lai."
"Dấu câu có ảnh hưởng đến NLP không?","Có"
"Chuẩn hóa Unicode tiếng Việt là gì?","Là việc đưa các ký tự tiếng Việt về cùng một dạng (ví dụ: chữ 'òa' có thể viết theo 2 cách mã hóa khác nhau)."
"Lowercase là gì?","Là việc chuyển toàn bộ văn bản về chữ thường để đồng nhất dữ liệu."
"Tại sao cần Tokenization trước khi tính TF-IDF?","Để xác định được các đơn vị từ"
"Dữ liệu kiểm thử (Test Set) là gì?","Là tập dữ liệu không dùng để xây dựng chatbot"
"Dữ liệu huấn luyện (Train Set) là gì?","Là tập dữ liệu dùng để chatbot 'học' hoặc dùng để so khớp câu hỏi."
"Thế nào là một chatbot tốt?","Là chatbot trả lời chính xác"
"Lợi ích của việc viết báo cáo bằng LaTeX?","Giúp tự động hóa việc đánh số chương"
"Overleaf là gì?","Là trình soạn thảo LaTeX trực tuyến"
"Làm sao để chèn code vào LaTeX?","Sử dụng gói lệnh (package) 'listings' hoặc 'minted' để định dạng code đẹp mắt."
"Kỹ năng phỏng vấn Intern cần lưu ý gì?","Cần trung thực"
"Tại sao dự án cá nhân lại quan trọng trong CV?","Nó là bằng chứng thực tế nhất về khả năng lập trình và tự học của bạn."
"Làm sao để giải thích thuật toán cho người không rành kỹ thuật?","Sử dụng các ví dụ thực tế và sơ đồ đơn giản thay vì dùng công thức toán học."
"Chatbot có thể tự học (Self-learning) không?","Các chatbot nâng cao có thể học từ phản hồi của người dùng để cải thiện câu trả lời."
"NLU (Natural Language Understanding) là gì?","Là một phần của NLP"
"NLG (Natural Language Generation) là gì?","Là việc máy tính tự tạo ra câu văn tự nhiên để trả lời con người."
"Mô hình lai (Hybrid Chatbot) là gì?","Là sự kết hợp giữa chatbot dựa trên luật và chatbot dựa trên AI để đạt hiệu quả cao nhất."
"Cơ sở dữ liệu NoSQL có dùng cho chatbot không?","Có"
"Làm sao để xử lý câu hỏi quá dài?","Có thể dùng kỹ thuật tóm tắt văn bản (Summarization) hoặc trích xuất các từ khóa chính."
"Sự khác biệt giữa Chatbot và Voicebot?","Chatbot tương tác qua văn bản"
"Làm sao để bảo mật dữ liệu người dùng?","Cần mã hóa dữ liệu nhạy cảm và tuân thủ các quy định về quyền riêng tư."
"Hệ thống tư vấn (Recommender System) có tích hợp được vào chatbot không?","Có"
"Thử nghiệm A/B (A/B Testing) là gì?","Là việc chạy 2 phiên bản chatbot khác nhau để xem phiên bản nào hoạt động tốt hơn."
"Làm sao để duy trì sự hứng thú của người dùng?","Chatbot cần có phong cách ngôn ngữ phù hợp và phản hồi nhanh."
"Lỗi logic (Logic Bug) là gì?","Là khi code chạy không lỗi nhưng kết quả trả về không đúng với ý đồ của người lập trình."
"DEBUG là gì?","Là quá trình tìm và khắc phục các lỗi trong chương trình máy tính."
"Kỹ năng Teamwork có cần thiết cho TTNN1?","Dù làm cá nhân"
"Tầm quan trọng của việc sao lưu (Backup) dữ liệu?","Tránh mất mát toàn bộ công sức khi máy tính gặp sự cố hoặc lỡ tay xóa nhầm."
"Cloud Server là gì?","Là máy chủ ảo trên mạng dùng để chạy chatbot giúp mọi người có thể truy cập mọi lúc."
"Heroku/Render dùng để làm gì?","Là các nền tảng miễn phí/giá rẻ để triển khai (deploy) ứng dụng web chatbot."
"Làm sao để đo lường sự hài lòng của khách hàng (CSAT)?","Thông qua việc cho người dùng đánh giá sao sau mỗi lần chatbot hỗ trợ."
"Chatbot có thể xử lý hình ảnh không?","Có"
"Tại sao cần viết nhật ký thực tập?","Để ghi lại những gì đã làm"
"Lỗi 'Encoding' khi đọc file CSV tiếng Việt?","Cần mở file bằng encoding='utf-8-sig' để xử lý đúng các ký tự có dấu."
"Hàm `input()` trong Python dùng làm gì?","Dùng để nhận dữ liệu nhập vào từ bàn phím của người dùng."
"Hàm `print()` trong Python có vai trò gì?","Dùng để xuất thông tin ra màn hình cho người dùng theo dõi."
"Vòng lặp `while True` dùng trong chatbot làm gì?","Để duy trì cuộc trò chuyện liên tục cho đến khi người dùng nhập lệnh thoát."
"Lệnh `break` có tác dụng gì?","Dùng để thoát khỏi vòng lặp ngay lập tức khi thỏa mãn một điều kiện nào đó."
"Làm thế nào để chatbot thân thiện hơn?","Sử dụng các câu chào hỏi"
"Tư duy hệ thống (Systems Thinking) là gì?","Là khả năng nhìn nhận dự án như một tổng thể các phần tương tác với nhau."
"Làm sao để báo cáo không bị nhàm chán?","Nên kết hợp giữa lý thuyết"
"Sự khác biệt giữa đồ án cơ sở và TTNN1?","TTNN1 yêu cầu mức độ thực tế và định hướng nghề nghiệp cao hơn."
"Tại sao cần xác định đối tượng người dùng?","Để xây dựng bộ dữ liệu câu hỏi và cách trả lời phù hợp với trình độ của họ."
"Chatbot có thể đóng vai trò giáo viên ảo không?","Có"
"Kiến thức toán học nào cần cho NLP?","Đại số tuyến tính (Vector"
"Làm sao để xử lý câu hỏi đa ý định?","Cần phân rã câu hỏi lớn thành các ý nhỏ để xử lý tuần tự."
"Vai trò của cộng đồng mã nguồn mở?","Cung cấp các thư viện và giải pháp miễn phí giúp phát triển chatbot nhanh hơn."
"Tương lai của ngành Chatbot AI?","Sẽ trở nên thông minh như con người nhờ các mô hình ngôn ngữ khổng lồ và dữ liệu lớn."
"Game này chơi như thế nào?","Người chơi cần chọn đúng hình có màu sắc và hình dạng theo yêu cầu."
"Làm sao để bắt đầu chơi?","Nhấn nút bắt đầu để tạo một phiên chơi mới."
"Một phiên có bao nhiêu câu?","Mỗi phiên chơi gồm 15 câu."
"Mục tiêu của game là gì?","Mục tiêu là chọn đúng hình theo yêu cầu của từng câu."
"Điểm màu là gì?","Điểm màu đánh giá khả năng nhận biết màu sắc của người chơi."
"Điểm hình là gì?","Điểm hình đánh giá khả năng nhận biết hình dạng."
"Timeout nghĩa là gì?","Timeout là khi hết thời gian trả lời."
"Hết giờ có bị trừ điểm không?","Không bị trừ điểm nhưng sẽ không được cộng điểm."
"Sai màu nhưng đúng hình thì sao?","Người chơi vẫn được cộng điểm hình."
"Sai hình nhưng đúng màu thì sao?","Người chơi vẫn được cộng điểm màu."
"Sai cả màu và hình thì sao?","Người chơi sẽ không được cộng điểm."
"EPIC mode là gì?","Đây là chế độ thử thách đặc biệt ở 5 câu cuối."
"Làm sao để mở EPIC?","Cần trả lời đúng liên tiếp 10 câu đầu."
"EPIC có gì đặc biệt?","EPIC có thêm hình và màu mới cùng điểm thưởng cao."
"EPIC có bao nhiêu giây?","Mỗi câu trong EPIC có thời gian cố định 2 giây."
"Trong EPIC có màu gì mới?","Có purple, pink, brown và orange."
"Trong EPIC có hình gì mới?","Có trapezoid, rhombus, parallelogram và ellipse."
"objectCount là gì?","Đó là số lượng hình xuất hiện trên màn hình."
"Game tăng độ khó như thế nào?","Game tăng số lượng hình và giảm thời gian trả lời."
"Khi nào game giảm độ khó?","Khi người chơi sai nhiều câu liên tiếp."
"Adaptive difficulty là gì?","Đó là cơ chế tự điều chỉnh độ khó theo năng lực người chơi."
"Avg time là gì?","Đó là thời gian phản xạ trung bình của các câu đúng."
"Màu mạnh nghĩa là gì?","Đó là màu mà người chơi thường chọn đúng."
"Màu yếu nghĩa là gì?","Đó là màu mà người chơi thường chọn sai."
"Hình mạnh là gì?","Đó là hình người chơi thường nhận diện đúng."
"Hình yếu là gì?","Đó là hình người chơi thường nhận diện sai."
"Analytics hoạt động thế nào?","Analytics thống kê số lần đúng và sai của từng màu và hình."
"Score analytics được tính sao?","Điểm bằng số lần đúng trừ số lần sai."
"Game có giúp luyện phản xạ không?","Có, game giúp cải thiện tốc độ phản xạ."
"Game phù hợp độ tuổi nào?","Game phù hợp cho trẻ khoảng 4 đến 7 tuổi."
"Game giúp trẻ học gì?","Game giúp nhận biết màu sắc, hình học và phản xạ."
"Vì sao game khó hơn sau vài câu?","Vì hệ thống adaptive difficulty tự tăng độ khó."
"Streak là gì?","Đó là số câu đúng liên tiếp."
"Đúng liên tiếp có lợi gì?","Giúp tăng độ khó và mở cơ hội vào EPIC."
"Timeout có tính vào màu yếu không?","Không, timeout không tính vào màu yếu."
"Game có AI không?","Game đầu tiên chủ yếu dùng logic adaptive."
"Game có hỗ trợ điện thoại không?","Có thể chơi trên điện thoại và tablet."
"Game có cần internet không?","Có thể cần internet nếu chơi online."
"Game có lưu dữ liệu không?","Có thể lưu dữ liệu trong phiên chơi."
"Game có âm thanh không?","Có thể mở rộng thêm âm thanh trong tương lai."
"Game có leaderboard không?","Phiên bản hiện tại chưa có leaderboard."
"Game có nhiều level không?","Độ khó thay đổi động theo quá trình chơi."
"Game có thể pause không?","Điều này tùy thuộc phiên bản triển khai."
"Vì sao em toàn sai màu?","Có thể người chơi chưa quen nhận biết màu sắc."
"Vì sao em toàn sai hình?","Có thể người chơi cần luyện thêm về hình học."
"Làm sao đạt điểm cao?","Cần phản xạ nhanh và chọn chính xác."
"Game có hỗ trợ giáo viên không?","Có thể dùng báo cáo để theo dõi học tập."
"Game có hỗ trợ phụ huynh không?","Có, phụ huynh có thể xem báo cáo cuối game."
"Điểm tối đa là bao nhiêu?","Điểm tối đa cho màu và hình đều là 100."
"EPIC có khó hơn bình thường không?","Có, EPIC nhanh và phức tạp hơn."
"Vì sao EPIC chỉ mở khi đúng 10 câu?","Để tạo thử thách và động lực cho người chơi."
"AI nhận diện số bằng cách nào?","AI dùng TensorFlow.js để phân tích nét vẽ."
"TensorFlow.js là gì?","Đó là thư viện AI chạy trên trình duyệt."
"Game viết số hoạt động như thế nào?","Người chơi viết số lên canvas để AI nhận diện."
"Confidence là gì?","Đó là độ tin cậy của AI khi dự đoán."
"AI có thể đoán sai không?","Có, AI có thể nhầm nếu nét vẽ chưa rõ."
"Điểm trong game viết số tính sao?","Nếu AI đoán đúng thì điểm bằng confidence chia cho 10."
"Khi nào được 0 điểm?","Khi AI đoán sai số mục tiêu."
"Nét đứt dùng để làm gì?","Giúp trẻ hình dung cách viết số."
"Có thể viết lại không?","Có thể nhấn nút xóa để viết lại."
"AI dùng model gì?","AI dùng model TensorFlow.js local."
"AI load từ đâu?","AI được tải từ file model.json."
"group1-shard1of1.bin là gì?","Đó là file chứa trọng số của model AI."
"AI đã sẵn sàng nghĩa là gì?","Model đã tải xong và có thể hoạt động."
"Vì sao AI load chậm?","Vì cần tải model AI vào bộ nhớ."
"AI có dùng MNIST không?","Quá trình xử lý ảnh tương thích chuẩn MNIST."
"Resize 28x28 nghĩa là gì?","Ảnh được thu nhỏ về kích thước 28x28 pixel."
"Grayscale là gì?","Là chuyển ảnh sang thang màu xám."
"Chuẩn hóa dữ liệu là gì?","Là chuyển giá trị ảnh về khoảng từ 0 đến 1."
"Tensor đầu vào là gì?","Là dữ liệu AI dùng để dự đoán."
"AI có học theo người chơi không?","Model hiện tại không tự học thêm."
"AI có phân biệt số 6 và 9 không?","Có nhưng đôi khi vẫn có thể nhầm."
"Vì sao AI nhầm số 1 và 7?","Do nét viết có thể giống nhau."
"AI có nhận diện số nghiêng không?","Có thể nhưng độ chính xác sẽ thay đổi."
"AI có nhận diện nét mờ không?","Nét quá mờ có thể làm AI đoán sai."
"AI có cần internet không?","Không nếu model đã tải local."
"Game có backend không?","Game hiện tại dùng front-end thuần."
"Game có thể deploy online không?","Có thể deploy lên Vercel."
"Game có thể nhúng Google Sites không?","Có thể embed vào Google Sites."
"Canvas dùng để làm gì?","Canvas là nơi người chơi viết số."
"Vì sao canvas không vẽ được?","Có thể do trình duyệt hoặc thiết bị."
"Popup Tuyệt vời xuất hiện khi nào?","Khi AI đoán đúng số mục tiêu."
"Popup Sắp được rồi xuất hiện khi nào?","Khi AI đoán sai số mục tiêu."
"Accuracy trung bình là gì?","Là độ chính xác trung bình của các lần chấm."
"Vì sao accuracy thấp?","Có thể người chơi viết chưa rõ."
"Báo cáo từng số dùng để làm gì?","Giúp theo dõi số nào trẻ viết tốt hoặc yếu."
"Vì sao số của em màu đỏ?","Độ chính xác của số đó còn thấp."
"Game giúp trẻ học gì?","Giúp luyện viết số và phản xạ học tập."
"Game phù hợp cho ai?","Phù hợp cho trẻ nhỏ đang học số."
"AI có thể thay giáo viên không?","AI chỉ hỗ trợ chứ không thay thế hoàn toàn."
"AI có giúp phụ huynh không?","Có, AI giúp theo dõi tiến bộ học tập."
"AI có thể thay đổi độ khó không?","Có thể điều chỉnh theo khả năng người học."
"AI có thể phân tích dữ liệu không?","Có, AI hỗ trợ thống kê và phân tích."
"AI có thể chấm điểm tự động không?","Có, AI tự động đánh giá kết quả."
"AI có thể theo dõi tiến bộ không?","Có thể theo dõi qua nhiều phiên học."
"Học qua game có hiệu quả không?","Có, trẻ thường học nhanh hơn qua trò chơi."
"Game hóa giáo dục là gì?","Là áp dụng cơ chế game vào học tập."
"Cơ chế phần thưởng có tác dụng gì?","Giúp tăng động lực học tập."
"Trẻ em học nhanh qua game không?","Có, game giúp trẻ hứng thú hơn."
"Công nghệ số có lợi gì trong giáo dục?","Giúp học tập trực quan và sinh động hơn."
"AI trong giáo dục có lợi ích gì?","AI giúp cá nhân hóa và tự động hóa việc học."
"Vì sao nên ứng dụng AI vào dạy học?","AI giúp theo dõi và hỗ trợ học tập hiệu quả."
"AI có thể cá nhân hóa việc học không?","Có, AI có thể điều chỉnh theo từng trẻ."
"AI giúp giáo viên như thế nào?","Giúp giảm thời gian chấm bài và thống kê."
"AI có thể phản hồi tức thì không?","Có, AI có thể đưa phản hồi ngay lập tức."
"AI giúp trẻ học tốt hơn không?","Có thể giúp tăng hứng thú và hiệu quả học tập."
"AI có thể phát hiện điểm yếu không?","Có thể nhận biết nội dung trẻ thường làm sai."
"AI có thể phân tích hành vi học tập không?","Có, AI có thể theo dõi tương tác của người học."
"AI có thể hỗ trợ game giáo dục không?","Có, AI thường dùng trong game giáo dục hiện đại."
"Game giáo dục có lợi ích gì?","Giúp kết hợp học tập và giải trí."
"Trẻ học qua hình ảnh có hiệu quả không?","Có, trẻ nhỏ ghi nhớ hình ảnh rất tốt."
"Animation giúp gì trong học tập?","Giúp nội dung sinh động và dễ hiểu hơn."
"Âm thanh có giúp trẻ học không?","Có, âm thanh giúp tăng sự chú ý."
"Game có thể mở rộng thêm không?","Có thể thêm animation, âm thanh và badge."
"Badge thưởng là gì?","Là phần thưởng khi hoàn thành mục tiêu."
"Game có thể lưu lịch sử không?","Có thể bổ sung trong tương lai."
"AI có thể chấm chữ cái không?","Có thể mở rộng để nhận diện chữ cái."
"Game có thể dùng trong lớp học không?","Có thể hỗ trợ giáo viên trong giảng dạy."
"Trẻ chưa biết viết có chơi được không?","Có, trẻ có thể luyện dần qua hướng dẫn."
"Game có giúp luyện tay không?","Có, việc viết trên canvas giúp luyện vận động tay."
"AI có nhận diện nét to không?","Có nhưng cần rõ ràng để tăng độ chính xác."
"AI có nhận diện nét nhỏ không?","Có nhưng nét quá nhỏ có thể khó nhận diện."
"AI có nhận diện chữ viết lệch không?","Có thể nhưng độ chính xác có thể giảm."
"AI có cần GPU không?","Game đơn giản có thể chạy bằng CPU trình duyệt."
"Tensor là gì?","Tensor là dạng dữ liệu dùng trong machine learning."
"Machine learning là gì?","Là lĩnh vực giúp máy tính học từ dữ liệu."
"AI có thông minh như con người không?","AI chỉ làm tốt các nhiệm vụ được huấn luyện."
"Model AI là gì?","Là hệ thống đã được huấn luyện để dự đoán dữ liệu."
"Prediction nghĩa là gì?","Đó là kết quả dự đoán của AI."
"Dataset là gì?","Là tập dữ liệu dùng để huấn luyện AI."
"MNIST là gì?","MNIST là bộ dữ liệu chữ số viết tay nổi tiếng."
"AI có thể học thêm sau khi deploy không?","Điều này phụ thuộc cách thiết kế hệ thống."
"Front-end thuần là gì?","Là ứng dụng chạy hoàn toàn trên trình duyệt."
"Vercel là gì?","Đó là nền tảng deploy web front-end."
"Google Sites là gì?","Là nền tảng tạo website đơn giản của Google."
"Embed nghĩa là gì?","Là nhúng ứng dụng vào website khác."
"Canvas HTML là gì?","Là vùng vẽ đồ họa trong trình duyệt."
"JavaScript dùng để làm gì?","JavaScript giúp xử lý logic và tương tác."
"HTML có vai trò gì?","HTML tạo cấu trúc giao diện web."
"CSS dùng để làm gì?","CSS dùng để tạo giao diện và màu sắc."
"AI có thể chạy offline không?","Có nếu model được lưu local."
"Game có thể chạy trên tablet không?","Có, tablet hỗ trợ tốt cho trẻ em."
"Game có cần cài app không?","Không cần vì chạy trực tiếp trên web."
"Game có thể thêm tài khoản người dùng không?","Có thể mở rộng thêm hệ thống đăng nhập."
"Game có thể lưu cloud không?","Có thể tích hợp cloud storage trong tương lai."
"Cloud storage là gì?","Là nơi lưu dữ liệu trực tuyến."
"JWT là gì?","JWT là cơ chế xác thực người dùng."
"Database có cần cho game không?","Cần nếu muốn lưu dữ liệu lâu dài."
"Analytics dashboard là gì?","Là bảng hiển thị thống kê và báo cáo."
"Adaptive learning là gì?","Là học tập thích nghi theo năng lực người học."
"Gamification là gì?","Là áp dụng yếu tố game vào trải nghiệm học tập."
"Retention là gì?","Là khả năng giữ người dùng quay lại."
"UX là gì?","UX là trải nghiệm người dùng."
"UI là gì?","UI là giao diện người dùng."
"AI feedback là gì?","Là phản hồi do AI tạo ra cho người dùng."
"AI có thể đánh giá phản xạ không?","Có thể thông qua thời gian phản hồi."
"Game có thể phát triển thành SaaS không?","Có thể phát triển thành nền tảng giáo dục online."
"SaaS là gì?","SaaS là phần mềm cung cấp qua internet."
"Chatbot có thể dùng cho game không?","Có thể dùng chatbot để hỗ trợ người chơi."
"Semantic search là gì?","Là tìm kiếm dựa trên ý nghĩa thay vì từ khóa."
"Embedding là gì?","Là cách biểu diễn dữ liệu thành vector cho AI."
"RAG là gì?","RAG là kỹ thuật kết hợp tìm kiếm dữ liệu và AI tạo sinh."
"NLP là gì?","NLP là xử lý ngôn ngữ tự nhiên."
"Chatbot FAQ là gì?","Là chatbot trả lời câu hỏi thường gặp."
"Dataset chatbot là gì?","Là tập câu hỏi và câu trả lời để huấn luyện chatbot."
"Paraphrase là gì?","Là diễn đạt cùng ý nghĩa bằng cách khác."
"AI có thể hiểu nhiều cách hỏi không?","Có nếu được huấn luyện với nhiều paraphrase."
"Game có thể dùng OCR không?","Có, nhận diện chữ số viết tay là một dạng OCR."
"OCR là gì?","OCR là công nghệ nhận diện ký tự từ hình ảnh."
"AI có thể nhận diện chữ viết tay không?","Có, AI được dùng nhiều trong handwriting recognition."
"Handwriting recognition là gì?","Là công nghệ nhận diện chữ viết tay."
"AI có thể đánh giá chất lượng chữ viết không?","Có thể đánh giá dựa trên độ chính xác và hình dạng."
"AI có thể hỗ trợ giáo dục cá nhân hóa không?","Có, AI giúp điều chỉnh nội dung theo từng trẻ."
"Game giáo dục hiện đại cần gì?","Cần tính tương tác, phản hồi nhanh và trải nghiệm thú vị."
"Tại sao giáo dục trẻ em quan trọng?","Giáo dục trẻ em giúp hình thành nền tảng nhận thức, tư duy và kỹ năng cho tương lai."
"Vì sao cần giáo dục từ sớm?","Trẻ nhỏ có khả năng tiếp thu nhanh nên giáo dục sớm giúp phát triển tư duy hiệu quả hơn."
"Giáo dục sớm mang lại lợi ích gì?","Giáo dục sớm giúp trẻ phát triển ngôn ngữ, phản xạ, khả năng ghi nhớ và kỹ năng xã hội."
"Vì sao trẻ em cần được học tập đúng cách?","Phương pháp học phù hợp giúp trẻ hứng thú và phát triển tự nhiên hơn."
"Giáo dục có ảnh hưởng đến tương lai của trẻ không?","Có, giáo dục ảnh hưởng lớn đến khả năng học tập và phát triển sau này."
"Trẻ em học nhanh nhất ở độ tuổi nào?","Giai đoạn 4 đến 7 tuổi là thời kỳ trẻ phát triển nhận thức rất mạnh."
"Vì sao giáo dục trẻ em là điều tất yếu?","Vì trẻ em cần được trang bị kiến thức và kỹ năng để thích nghi với xã hội hiện đại."
"Giáo dục có giúp phát triển tư duy logic không?","Có, các hoạt động học tập giúp trẻ phát triển tư duy và khả năng phân tích."
"Giáo dục giúp trẻ phát triển kỹ năng gì?","Giáo dục giúp phát triển tư duy, phản xạ, giao tiếp và kỹ năng giải quyết vấn đề."
"Vì sao trẻ cần được tạo động lực học tập?","Động lực giúp trẻ hứng thú và chủ động hơn trong việc học."
"Học qua trò chơi có hiệu quả không?","Có, trẻ em thường tiếp thu nhanh hơn thông qua trò chơi tương tác."
"Vì sao trò chơi giúp trẻ học nhanh hơn?","Trò chơi tạo cảm giác vui vẻ và kích thích sự tập trung của trẻ."
"Công nghệ số có vai trò gì trong giáo dục?","Công nghệ số giúp việc học trở nên trực quan, sinh động và dễ tiếp cận hơn."
"Vì sao nên ứng dụng công nghệ vào dạy học?","Công nghệ giúp tăng tính tương tác và cải thiện trải nghiệm học tập."
"Thiết bị số giúp trẻ học như thế nào?","Thiết bị số hỗ trợ hình ảnh, âm thanh và phản hồi trực tiếp cho trẻ."
"Vì sao trẻ thích học qua game hơn?","Game có tính thử thách và phần thưởng giúp trẻ cảm thấy hứng thú."
"Cơ chế phần thưởng trong game có tác dụng gì?","Phần thưởng giúp tạo động lực và duy trì sự tập trung của trẻ."
"Game giáo dục có lợi gì?","Game giáo dục kết hợp học tập và giải trí để tăng hiệu quả tiếp thu."
"Vì sao học bằng hình ảnh hiệu quả với trẻ nhỏ?","Trẻ nhỏ thường ghi nhớ hình ảnh nhanh hơn văn bản."
"Âm thanh trong game giáo dục giúp gì?","Âm thanh giúp tăng sự chú ý và tạo phản hồi tích cực."
"Animation có giúp trẻ học tốt hơn không?","Có, animation giúp nội dung trở nên sinh động và dễ hiểu hơn."
"Vì sao công nghệ số ngày càng cần thiết trong giáo dục?","Vì trẻ em ngày nay tiếp xúc với công nghệ từ rất sớm."
"Học trực quan có lợi ích gì?","Học trực quan giúp trẻ dễ hiểu và ghi nhớ lâu hơn."
"Game hóa giáo dục là gì?","Game hóa là áp dụng cơ chế trò chơi vào hoạt động học tập."
"Game hóa giúp tăng động lực học như thế nào?","Game hóa tạo cảm giác thử thách và phần thưởng khi hoàn thành nhiệm vụ."
"Vì sao trẻ dễ tập trung khi chơi game học tập?","Các yếu tố tương tác giúp trẻ duy trì sự chú ý lâu hơn."
"Công nghệ có thể thay thế giáo viên không?","Công nghệ hỗ trợ giáo viên nhưng không thể thay thế hoàn toàn."
"Ứng dụng học tập hiện đại có gì khác phương pháp truyền thống?","Ứng dụng hiện đại có tính tương tác và cá nhân hóa cao hơn."
"Vì sao nên kết hợp giáo dục với công nghệ?","Sự kết hợp giúp việc học hiệu quả và phù hợp với trẻ em thời đại số."
"Trẻ em học qua trải nghiệm có hiệu quả không?","Có, trải nghiệm thực tế giúp trẻ ghi nhớ tốt hơn."
"AI có vai trò gì trong giáo dục?","AI hỗ trợ theo dõi, đánh giá và cá nhân hóa việc học."
"AI có thể chấm điểm tự động không?","Có, AI có thể phân tích kết quả và chấm điểm nhanh chóng."
"AI giúp theo dõi tiến bộ học tập như thế nào?","AI lưu và phân tích dữ liệu học tập theo thời gian."
"AI có thể thay đổi độ khó bài học không?","Có, AI có thể điều chỉnh độ khó dựa trên năng lực người học."
"AI giúp cá nhân hóa việc học ra sao?","AI phân tích điểm mạnh và điểm yếu của từng trẻ."
"AI có thể phát hiện trẻ học yếu ở đâu không?","Có, AI có thể nhận biết nội dung trẻ thường làm sai."
"AI giúp giáo viên như thế nào?","AI hỗ trợ thống kê và giảm thời gian chấm bài."
"AI có thể tạo phản hồi tức thì không?","Có, AI có thể phản hồi ngay sau khi trẻ hoàn thành bài tập."
"AI giúp tăng hứng thú học tập như thế nào?","AI tạo trải nghiệm tương tác và phản hồi nhanh cho trẻ."
"AI nhận diện chữ viết tay dùng để làm gì?","AI dùng để phân tích và đánh giá nét viết của trẻ."
"AI trong game giáo dục có lợi ích gì?","AI giúp game thích nghi với trình độ của từng người chơi."
"Vì sao AI phù hợp với giáo dục trẻ em?","AI có khả năng cá nhân hóa và theo dõi tiến độ học tập."
"AI có thể hỗ trợ phụ huynh không?","Có, AI cung cấp báo cáo và phân tích kết quả học tập."
"AI giúp phân tích dữ liệu học tập như thế nào?","AI xử lý dữ liệu để tìm xu hướng và đánh giá khả năng học tập."
"AI có thể đánh giá phản xạ của trẻ không?","Có, AI có thể theo dõi thời gian phản hồi của người chơi."
"AI có thể giúp phát hiện khó khăn trong học tập không?","Có, AI có thể nhận biết nội dung mà trẻ thường mắc lỗi."
"AI có giúp tiết kiệm thời gian chấm bài không?","Có, AI giúp tự động hóa quá trình kiểm tra và đánh giá."
"AI có thể hoạt động trong game học tập không?","Có, AI thường được dùng để chấm điểm và điều chỉnh trải nghiệm chơi."
"AI có thể phân tích hành vi học tập không?","Có, AI có thể theo dõi cách người dùng tương tác với hệ thống."
"AI giúp nâng cao hiệu quả giáo dục như thế nào?","AI giúp cá nhân hóa nội dung và phản hồi theo từng trẻ."
